﻿<parameters>
  <parameter name="IIS Web Application Name" defaultValue="Default Web Site/SoftwareForge.WebApi_deploy" tags="IisApp">
    <parameterEntry kind="ProviderPath" scope="IisApp" match="^C:\\Users\\Neu\\Desktop\\AMOS-SoftwareForge\\SoftwareForge\.TfsService\\SoftwareForge\.WebApi\\obj\\Release\\Package\\PackageTmp$" />
    <parameterEntry kind="ProviderPath" scope="setAcl" match="^C:\\Users\\Neu\\Desktop\\AMOS-SoftwareForge\\SoftwareForge\.TfsService\\SoftwareForge\.WebApi\\obj\\Release\\Package\\PackageTmp$" />
  </parameter>
  <parameter name="DefaultConnection-Web.config Connection String" defaultValue="Data Source=NEU-PC\SQLEXPRESS;Integrated Security=True">
    <parameterEntry kind="XmlFile" scope="C:\\Users\\Neu\\Desktop\\AMOS-SoftwareForge\\SoftwareForge\.TfsService\\SoftwareForge\.WebApi\\obj\\Release\\Package\\PackageTmp\\Web\.config$" match="/configuration/connectionStrings/add[@name='DefaultConnection']/@connectionString" />
  </parameter>
  <parameter name="SoftwareForge.DbService.SoftwareForgeDbContext-Web.config Connection String" defaultValue="SoftwareForge.DbService.SoftwareForgeDbContext_ConnectionString">
    <parameterEntry kind="XmlFile" scope="C:\\Users\\Neu\\Desktop\\AMOS-SoftwareForge\\SoftwareForge\.TfsService\\SoftwareForge\.WebApi\\obj\\Release\\Package\\PackageTmp\\Web\.config$" match="/configuration/connectionStrings/add[@name='SoftwareForge.DbService.SoftwareForgeDbContext']/@connectionString" />
  </parameter>
</parameters>