﻿<parameters>
  <parameter name="IIS Web Application Name" defaultValue="Default Web Site/SoftwareForge.WebApi_deploy" tags="IisApp">
    <parameterEntry kind="ProviderPath" scope="IisApp" match="^C:\\Users\\Neu\\Desktop\\AMOS-SoftwareForge\\SoftwareForge\.TfsService\\SoftwareForge\.WebApi\\obj\\Release\\Package\\PackageTmp$" />
    <parameterEntry kind="ProviderPath" scope="setAcl" match="^C:\\Users\\Neu\\Desktop\\AMOS-SoftwareForge\\SoftwareForge\.TfsService\\SoftwareForge\.WebApi\\obj\\Release\\Package\\PackageTmp$" />
  </parameter>
  <parameter name="DefaultConnection-Web.config Connection String" description="DefaultConnection Die in der Datei &amp;quot;web.config&amp;quot; festgelegte Verbindungszeichenfolge, die von der Anwendung für den Zugriff auf die Datenbank verwendet wird." defaultValue="Data Source=.\SQLEXPRESS;Integrated Security=True;MultipleActiveResultSets=true" tags="SqlConnectionString">
    <parameterEntry kind="XmlFile" scope="C:\\Users\\Neu\\Desktop\\AMOS-SoftwareForge\\SoftwareForge\.TfsService\\SoftwareForge\.WebApi\\obj\\Release\\Package\\PackageTmp\\Web\.config$" match="/configuration/connectionStrings/add[@name='DefaultConnection']/@connectionString" />
  </parameter>
  <parameter name="SoftwareForge.DbService.SoftwareForgeDbContext-Web.config Connection String" description="SoftwareForge.DbService.SoftwareForgeDbContext Die in der Datei &amp;quot;web.config&amp;quot; festgelegte Verbindungszeichenfolge, die von der Anwendung für den Zugriff auf die Datenbank verwendet wird." defaultValue="SoftwareForge.DbService.SoftwareForgeDbContext_ConnectionString" tags="SqlConnectionString">
    <parameterEntry kind="XmlFile" scope="C:\\Users\\Neu\\Desktop\\AMOS-SoftwareForge\\SoftwareForge\.TfsService\\SoftwareForge\.WebApi\\obj\\Release\\Package\\PackageTmp\\Web\.config$" match="/configuration/connectionStrings/add[@name='SoftwareForge.DbService.SoftwareForgeDbContext']/@connectionString" />
  </parameter>
</parameters>